statezip,zipcode
WA 98133,98133
WA 98119,98119
WA 98042,98042
WA 98008,98008
WA 98052,98052
WA 98115,98115
WA 98052,98052
WA 98038,98038
WA 98045,98045
WA 98115,98115
WA 98155,98155
WA 98105,98105
WA 98074,98074
WA 98106,98106
WA 98105,98105
WA 98042,98042
WA 98007,98007
WA 98092,98092
WA 98198,98198
WA 98045,98045
WA 98115,98115
WA 98006,98006
WA 98102,98102
WA 98011,98011
WA 98125,98125
WA 98003,98003
WA 98136,98136
WA 98033,98033
WA 98029,98029
WA 98117,98117
WA 98034,98034
WA 98072,98072
WA 98115,98115
WA 98155,98155
WA 98092,98092
WA 98023,98023
WA 98107,98107
WA 98038,98038
WA 98166,98166
WA 98116,98116
WA 98024,98024
WA 98055,98055
WA 98155,98155
WA 98116,98116
WA 98106,98106
WA 98077,98077
WA 98027,98027
WA 98059,98059
WA 98107,98107
WA 98052,98052
WA 98027,98027
WA 98075,98075
WA 98115,98115
WA 98014,98014
WA 98011,98011
WA 98006,98006
WA 98092,98092
WA 98065,98065
WA 98199,98199
WA 98106,98106
WA 98065,98065
WA 98045,98045
WA 98059,98059
WA 98042,98042
WA 98059,98059
WA 98117,98117
WA 98027,98027
WA 98065,98065
WA 98053,98053
WA 98058,98058
WA 98092,98092
WA 98122,98122
WA 98122,98122
WA 98074,98074
WA 98033,98033
WA 98103,98103
WA 98112,98112
WA 98074,98074
WA 98005,98005
WA 98029,98029
WA 98027,98027
WA 98075,98075
WA 98118,98118
WA 98027,98027
WA 98034,98034
WA 98155,98155
WA 98112,98112
WA 98033,98033
WA 98136,98136
WA 98198,98198
WA 98033,98033
WA 98177,98177
WA 98122,98122
WA 98112,98112
WA 98199,98199
WA 98006,98006
WA 98105,98105
WA 98023,98023
WA 98103,98103
WA 98105,98105
WA 98059,98059
WA 98052,98052
WA 98004,98004
WA 98092,98092
WA 98133,98133
WA 98065,98065
WA 98008,98008
WA 98053,98053
WA 98136,98136
WA 98023,98023
WA 98103,98103
WA 98038,98038
WA 98019,98019
WA 98027,98027
WA 98119,98119
WA 98034,98034
WA 98144,98144
WA 98168,98168
WA 98006,98006
WA 98075,98075
WA 98133,98133
WA 98118,98118
WA 98053,98053
WA 98055,98055
WA 98115,98115
WA 98103,98103
WA 98133,98133
WA 98133,98133
WA 98001,98001
WA 98059,98059
WA 98075,98075
WA 98059,98059
WA 98198,98198
WA 98112,98112
WA 98117,98117
WA 98052,98052
WA 98115,98115
WA 98034,98034
WA 98027,98027
WA 98117,98117
WA 98027,98027
WA 98144,98144
WA 98052,98052
WA 98027,98027
WA 98125,98125
WA 98029,98029
WA 98115,98115
WA 98056,98056
WA 98027,98027
WA 98029,98029
WA 98052,98052
WA 98034,98034
WA 98117,98117
WA 98125,98125
WA 98052,98052
WA 98042,98042
WA 98136,98136
WA 98117,98117
WA 98117,98117
WA 98117,98117
WA 98198,98198
WA 98027,98027
WA 98146,98146
WA 98115,98115
WA 98136,98136
WA 98106,98106
WA 98034,98034
WA 98106,98106
WA 98133,98133
WA 98008,98008
WA 98028,98028
WA 98006,98006
WA 98198,98198
WA 98014,98014
WA 98148,98148
WA 98034,98034
WA 98042,98042
WA 98177,98177
WA 98028,98028
WA 98059,98059
WA 98057,98057
WA 98112,98112
WA 98058,98058
WA 98034,98034
WA 98006,98006
WA 98028,98028
WA 98117,98117
WA 98023,98023
WA 98008,98008
WA 98053,98053
WA 98023,98023
WA 98115,98115
WA 98199,98199
WA 98199,98199
WA 98045,98045
WA 98074,98074
WA 98028,98028
WA 98006,98006
WA 98074,98074
WA 98133,98133
WA 98074,98074
WA 98105,98105
WA 98052,98052
WA 98008,98008
WA 98074,98074
WA 98105,98105
WA 98059,98059
WA 98001,98001
WA 98056,98056
WA 98077,98077
WA 98177,98177
WA 98115,98115
WA 98103,98103
WA 98118,98118
WA 98006,98006
WA 98001,98001
WA 98103,98103
WA 98040,98040
WA 98023,98023
WA 98103,98103
WA 98102,98102
WA 98023,98023
WA 98112,98112
WA 98144,98144
WA 98117,98117
WA 98055,98055
WA 98103,98103
WA 98004,98004
WA 98052,98052
WA 98107,98107
WA 98146,98146
WA 98105,98105
WA 98155,98155
WA 98053,98053
WA 98010,98010
WA 98034,98034
WA 98038,98038
WA 98166,98166
WA 98058,98058
WA 98119,98119
WA 98051,98051
WA 98103,98103
WA 98033,98033
WA 98042,98042
WA 98031,98031
WA 98052,98052
WA 98005,98005
WA 98103,98103
WA 98014,98014
WA 98028,98028
WA 98166,98166
WA 98003,98003
WA 98109,98109
WA 98144,98144
WA 98014,98014
WA 98033,98033
WA 98008,98008
WA 98116,98116
WA 98057,98057
WA 98118,98118
WA 98166,98166
WA 98033,98033
WA 98042,98042
WA 98027,98027
WA 98112,98112
WA 98103,98103
WA 98118,98118
WA 98034,98034
WA 98053,98053
WA 98115,98115
WA 98133,98133
WA 98056,98056
WA 98077,98077
WA 98004,98004
WA 98117,98117
WA 98116,98116
WA 98112,98112
WA 98023,98023
WA 98027,98027
WA 98056,98056
WA 98136,98136
WA 98144,98144
WA 98053,98053
WA 98058,98058
WA 98112,98112
WA 98199,98199
WA 98027,98027
WA 98030,98030
WA 98059,98059
WA 98126,98126
WA 98001,98001
WA 98155,98155
WA 98072,98072
WA 98001,98001
WA 98118,98118
WA 98105,98105
WA 98027,98027
WA 98144,98144
WA 98032,98032
WA 98003,98003
WA 98042,98042
WA 98178,98178
WA 98028,98028
WA 98199,98199
WA 98133,98133
WA 98038,98038
WA 98199,98199
WA 98168,98168
WA 98133,98133
WA 98033,98033
WA 98033,98033
WA 98103,98103
WA 98001,98001
WA 98118,98118
WA 98125,98125
WA 98103,98103
WA 98119,98119
WA 98019,98019
WA 98040,98040
WA 98023,98023
WA 98115,98115
WA 98075,98075
WA 98040,98040
WA 98103,98103
WA 98001,98001
WA 98029,98029
WA 98288,98288
WA 98034,98034
WA 98106,98106
WA 98112,98112
WA 98053,98053
WA 98032,98032
WA 98042,98042
WA 98027,98027
WA 98116,98116
WA 98030,98030
WA 98042,98042
WA 98166,98166
WA 98144,98144
WA 98053,98053
WA 98031,98031
WA 98103,98103
WA 98168,98168
WA 98004,98004
WA 98042,98042
WA 98092,98092
WA 98003,98003
WA 98125,98125
WA 98030,98030
WA 98118,98118
WA 98122,98122
WA 98075,98075
WA 98178,98178
WA 98177,98177
WA 98052,98052
WA 98008,98008
WA 98112,98112
WA 98119,98119
WA 98077,98077
WA 98004,98004
WA 98056,98056
WA 98115,98115
WA 98077,98077
WA 98108,98108
WA 98178,98178
WA 98052,98052
WA 98109,98109
WA 98033,98033
WA 98116,98116
WA 98023,98023
WA 98058,98058
WA 98148,98148
WA 98166,98166
WA 98040,98040
WA 98103,98103
WA 98065,98065
WA 98052,98052
WA 98001,98001
WA 98105,98105
WA 98059,98059
WA 98103,98103
WA 98166,98166
WA 98103,98103
WA 98119,98119
WA 98144,98144
WA 98028,98028
WA 98103,98103
WA 98119,98119
WA 98077,98077
WA 98059,98059
WA 98056,98056
WA 98027,98027
WA 98117,98117
WA 98092,98092
WA 98042,98042
WA 98070,98070
WA 98077,98077
WA 98074,98074
WA 98023,98023
WA 98057,98057
WA 98029,98029
WA 98155,98155
WA 98146,98146
WA 98144,98144
WA 98075,98075
WA 98178,98178
WA 98024,98024
WA 98027,98027
WA 98107,98107
WA 98065,98065
WA 98034,98034
WA 98125,98125
WA 98058,98058
WA 98103,98103
WA 98006,98006
WA 98001,98001
WA 98023,98023
WA 98032,98032
WA 98072,98072
WA 98126,98126
WA 98001,98001
WA 98027,98027
WA 98028,98028
WA 98112,98112
WA 98122,98122
WA 98032,98032
WA 98077,98077
WA 98031,98031
WA 98052,98052
WA 98008,98008
WA 98053,98053
WA 98001,98001
WA 98055,98055
WA 98125,98125
WA 98074,98074
WA 98166,98166
WA 98055,98055
WA 98058,98058
WA 98117,98117
WA 98010,98010
WA 98045,98045
WA 98004,98004
WA 98075,98075
WA 98007,98007
WA 98053,98053
WA 98051,98051
WA 98051,98051
WA 98125,98125
WA 98023,98023
WA 98019,98019
WA 98038,98038
WA 98059,98059
WA 98040,98040
WA 98115,98115
WA 98072,98072
WA 98115,98115
WA 98055,98055
WA 98116,98116
WA 98028,98028
WA 98133,98133
WA 98103,98103
WA 98014,98014
WA 98029,98029
WA 98117,98117
WA 98146,98146
WA 98038,98038
WA 98103,98103
WA 98031,98031
WA 98136,98136
WA 98122,98122
WA 98136,98136
WA 98053,98053
WA 98105,98105
WA 98029,98029
WA 98004,98004
WA 98112,98112
WA 98155,98155
WA 98126,98126
WA 98040,98040
WA 98092,98092
WA 98005,98005
WA 98126,98126
WA 98004,98004
WA 98040,98040
WA 98019,98019
WA 98118,98118
WA 98006,98006
WA 98117,98117
WA 98103,98103
WA 98178,98178
WA 98038,98038
WA 98106,98106
WA 98116,98116
WA 98058,98058
WA 98074,98074
WA 98077,98077
WA 98092,98092
WA 98058,98058
WA 98118,98118
WA 98033,98033
WA 98122,98122
WA 98115,98115
WA 98052,98052
WA 98168,98168
WA 98033,98033
WA 98040,98040
WA 98040,98040
WA 98038,98038
WA 98107,98107
WA 98042,98042
WA 98053,98053
WA 98103,98103
WA 98155,98155
WA 98029,98029
WA 98027,98027
WA 98125,98125
WA 98122,98122
WA 98072,98072
WA 98166,98166
WA 98003,98003
WA 98136,98136
WA 98052,98052
WA 98166,98166
WA 98115,98115
WA 98112,98112
WA 98004,98004
WA 98109,98109
WA 98177,98177
WA 98034,98034
WA 98038,98038
WA 98006,98006
WA 98166,98166
WA 98107,98107
WA 98107,98107
WA 98040,98040
WA 98070,98070
WA 98199,98199
WA 98004,98004
WA 98136,98136
WA 98116,98116
WA 98103,98103
WA 98052,98052
WA 98038,98038
WA 98033,98033
WA 98058,98058
WA 98052,98052
WA 98122,98122
WA 98074,98074
WA 98077,98077
WA 98029,98029
WA 98028,98028
WA 98023,98023
WA 98053,98053
WA 98133,98133
WA 98056,98056
WA 98030,98030
WA 98117,98117
WA 98027,98027
WA 98005,98005
WA 98008,98008
WA 98115,98115
WA 98052,98052
WA 98168,98168
WA 98108,98108
WA 98004,98004
WA 98030,98030
WA 98019,98019
WA 98102,98102
WA 98001,98001
WA 98122,98122
WA 98008,98008
WA 98058,98058
WA 98118,98118
WA 98122,98122
WA 98118,98118
WA 98103,98103
WA 98008,98008
WA 98133,98133
WA 98075,98075
WA 98070,98070
WA 98077,98077
WA 98105,98105
WA 98117,98117
WA 98188,98188
WA 98168,98168
WA 98034,98034
WA 98133,98133
WA 98146,98146
WA 98034,98034
WA 98004,98004
WA 98056,98056
WA 98006,98006
WA 98040,98040
WA 98155,98155
WA 98107,98107
WA 98052,98052
WA 98103,98103
WA 98109,98109
WA 98116,98116
WA 98042,98042
WA 98005,98005
WA 98007,98007
WA 98008,98008
WA 98040,98040
WA 98166,98166
WA 98166,98166
WA 98040,98040
WA 98103,98103
WA 98155,98155
WA 98126,98126
WA 98001,98001
WA 98040,98040
WA 98001,98001
WA 98077,98077
WA 98019,98019
WA 98115,98115
WA 98115,98115
WA 98065,98065
WA 98028,98028
WA 98072,98072
WA 98112,98112
WA 98065,98065
WA 98136,98136
WA 98117,98117
WA 98059,98059
WA 98106,98106
WA 98133,98133
WA 98133,98133
WA 98117,98117
WA 98040,98040
WA 98006,98006
WA 98122,98122
WA 98117,98117
WA 98198,98198
WA 98003,98003
WA 98059,98059
WA 98074,98074
WA 98166,98166
WA 98056,98056
WA 98030,98030
WA 98002,98002
WA 98092,98092
WA 98136,98136
WA 98108,98108
WA 98199,98199
WA 98034,98034
WA 98199,98199
WA 98029,98029
WA 98028,98028
WA 98117,98117
WA 98144,98144
WA 98038,98038
WA 98103,98103
WA 98059,98059
WA 98029,98029
WA 98077,98077
WA 98122,98122
WA 98031,98031
WA 98133,98133
WA 98115,98115
WA 98133,98133
WA 98117,98117
WA 98092,98092
WA 98144,98144
WA 98024,98024
WA 98030,98030
WA 98177,98177
WA 98001,98001
WA 98008,98008
WA 98003,98003
WA 98028,98028
WA 98051,98051
WA 98168,98168
WA 98019,98019
WA 98199,98199
WA 98072,98072
WA 98125,98125
WA 98075,98075
WA 98059,98059
WA 98027,98027
WA 98056,98056
WA 98053,98053
WA 98133,98133
WA 98188,98188
WA 98155,98155
WA 98092,98092
WA 98034,98034
WA 98199,98199
WA 98002,98002
WA 98117,98117
WA 98052,98052
WA 98042,98042
WA 98004,98004
WA 98115,98115
WA 98052,98052
WA 98075,98075
WA 98006,98006
WA 98092,98092
WA 98034,98034
WA 98003,98003
WA 98040,98040
WA 98168,98168
WA 98059,98059
WA 98029,98029
WA 98074,98074
WA 98023,98023
WA 98074,98074
WA 98058,98058
WA 98092,98092
WA 98008,98008
WA 98168,98168
WA 98074,98074
WA 98030,98030
WA 98059,98059
WA 98116,98116
WA 98055,98055
WA 98003,98003
WA 98117,98117
WA 98003,98003
WA 98125,98125
WA 98103,98103
WA 98133,98133
WA 98034,98034
WA 98188,98188
WA 98118,98118
WA 98052,98052
WA 98007,98007
WA 98028,98028
WA 98052,98052
WA 98031,98031
WA 98028,98028
WA 98058,98058
WA 98053,98053
WA 98045,98045
WA 98105,98105
WA 98112,98112
WA 98004,98004
WA 98103,98103
WA 98029,98029
WA 98001,98001
WA 98075,98075
WA 98027,98027
WA 98133,98133
WA 98125,98125
WA 98038,98038
WA 98039,98039
WA 98199,98199
WA 98019,98019
WA 98074,98074
WA 98003,98003
WA 98155,98155
WA 98072,98072
WA 98055,98055
WA 98077,98077
WA 98136,98136
WA 98106,98106
WA 98133,98133
WA 98144,98144
WA 98115,98115
WA 98115,98115
WA 98006,98006
WA 98042,98042
WA 98106,98106
WA 98034,98034
WA 98004,98004
WA 98146,98146
WA 98133,98133
WA 98116,98116
WA 98155,98155
WA 98133,98133
WA 98059,98059
WA 98106,98106
WA 98027,98027
WA 98118,98118
WA 98052,98052
WA 98125,98125
WA 98027,98027
WA 98053,98053
WA 98106,98106
WA 98024,98024
WA 98075,98075
WA 98056,98056
WA 98030,98030
WA 98045,98045
WA 98115,98115
WA 98065,98065
WA 98106,98106
WA 98126,98126
WA 98058,98058
WA 98115,98115
WA 98146,98146
WA 98107,98107
WA 98023,98023
WA 98034,98034
WA 98045,98045
WA 98168,98168
WA 98023,98023
WA 98029,98029
WA 98070,98070
WA 98074,98074
WA 98034,98034
WA 98042,98042
WA 98125,98125
WA 98058,98058
WA 98112,98112
WA 98052,98052
WA 98119,98119
WA 98038,98038
WA 98103,98103
WA 98038,98038
WA 98107,98107
WA 98199,98199
WA 98077,98077
WA 98032,98032
WA 98133,98133
WA 98198,98198
WA 98003,98003
WA 98072,98072
WA 98056,98056
WA 98042,98042
WA 98105,98105
WA 98106,98106
WA 98126,98126
WA 98116,98116
WA 98065,98065
WA 98146,98146
WA 98144,98144
WA 98031,98031
WA 98027,98027
WA 98011,98011
WA 98198,98198
WA 98103,98103
WA 98112,98112
WA 98042,98042
WA 98074,98074
WA 98038,98038
WA 98007,98007
WA 98117,98117
WA 98028,98028
WA 98040,98040
WA 98027,98027
WA 98065,98065
WA 98074,98074
WA 98126,98126
WA 98065,98065
WA 98029,98029
WA 98155,98155
WA 98006,98006
WA 98122,98122
WA 98199,98199
WA 98058,98058
WA 98022,98022
WA 98052,98052
WA 98072,98072
WA 98065,98065
WA 98115,98115
WA 98007,98007
WA 98056,98056
WA 98115,98115
WA 98031,98031
WA 98117,98117
WA 98023,98023
WA 98006,98006
WA 98058,98058
WA 98103,98103
WA 98038,98038
WA 98107,98107
WA 98155,98155
WA 98118,98118
WA 98117,98117
WA 98178,98178
WA 98045,98045
WA 98106,98106
WA 98115,98115
WA 98070,98070
WA 98118,98118
WA 98031,98031
WA 98109,98109
WA 98092,98092
WA 98045,98045
WA 98004,98004
WA 98092,98092
WA 98117,98117
WA 98033,98033
WA 98133,98133
WA 98029,98029
WA 98117,98117
WA 98038,98038
WA 98133,98133
WA 98072,98072
WA 98115,98115
WA 98023,98023
WA 98032,98032
WA 98056,98056
WA 98144,98144
WA 98052,98052
WA 98027,98027
WA 98072,98072
WA 98052,98052
WA 98107,98107
WA 98122,98122
WA 98148,98148
WA 98027,98027
WA 98072,98072
WA 98052,98052
WA 98056,98056
WA 98103,98103
WA 98058,98058
WA 98188,98188
WA 98136,98136
WA 98007,98007
WA 98058,98058
WA 98122,98122
WA 98146,98146
WA 98118,98118
WA 98074,98074
WA 98177,98177
WA 98014,98014
WA 98058,98058
WA 98198,98198
WA 98117,98117
WA 98045,98045
WA 98028,98028
WA 98059,98059
WA 98117,98117
WA 98117,98117
WA 98007,98007
WA 98109,98109
WA 98106,98106
WA 98033,98033
WA 98053,98053
WA 98122,98122
WA 98003,98003
WA 98065,98065
WA 98075,98075
WA 98028,98028
WA 98144,98144
WA 98166,98166
WA 98109,98109
WA 98125,98125
WA 98118,98118
WA 98116,98116
WA 98058,98058
WA 98168,98168
WA 98146,98146
WA 98031,98031
WA 98178,98178
WA 98117,98117
WA 98052,98052
WA 98112,98112
WA 98052,98052
WA 98058,98058
WA 98006,98006
WA 98117,98117
WA 98107,98107
WA 98116,98116
WA 98119,98119
WA 98006,98006
WA 98144,98144
WA 98033,98033
WA 98001,98001
WA 98031,98031
WA 98052,98052
WA 98116,98116
WA 98077,98077
WA 98053,98053
WA 98052,98052
WA 98056,98056
WA 98122,98122
WA 98072,98072
WA 98006,98006
WA 98038,98038
WA 98056,98056
WA 98028,98028
WA 98126,98126
WA 98103,98103
WA 98038,98038
WA 98109,98109
WA 98092,98092
WA 98117,98117
WA 98056,98056
WA 98133,98133
WA 98105,98105
WA 98059,98059
WA 98126,98126
WA 98144,98144
WA 98103,98103
WA 98103,98103
WA 98052,98052
WA 98106,98106
WA 98003,98003
WA 98042,98042
WA 98198,98198
WA 98023,98023
WA 98125,98125
WA 98039,98039
WA 98177,98177
WA 98008,98008
WA 98115,98115
WA 98055,98055
WA 98065,98065
WA 98059,98059
WA 98108,98108
WA 98038,98038
WA 98053,98053
WA 98052,98052
WA 98032,98032
WA 98199,98199
WA 98133,98133
WA 98023,98023
WA 98105,98105
WA 98027,98027
WA 98122,98122
WA 98006,98006
WA 98074,98074
WA 98028,98028
WA 98133,98133
WA 98002,98002
WA 98126,98126
WA 98008,98008
WA 98034,98034
WA 98038,98038
WA 98106,98106
WA 98136,98136
WA 98002,98002
WA 98133,98133
WA 98056,98056
WA 98146,98146
WA 98122,98122
WA 98115,98115
WA 98065,98065
WA 98019,98019
WA 98108,98108
WA 98115,98115
WA 98108,98108
WA 98033,98033
WA 98103,98103
WA 98115,98115
WA 98059,98059
WA 98112,98112
WA 98001,98001
WA 98065,98065
WA 98119,98119
WA 98106,98106
WA 98027,98027
WA 98188,98188
WA 98133,98133
WA 98029,98029
WA 98103,98103
WA 98033,98033
WA 98198,98198
WA 98014,98014
WA 98074,98074
WA 98004,98004
WA 98178,98178
WA 98042,98042
WA 98112,98112
WA 98056,98056
WA 98074,98074
WA 98059,98059
WA 98118,98118
WA 98118,98118
WA 98033,98033
WA 98034,98034
WA 98068,98068
WA 98103,98103
WA 98001,98001
WA 98022,98022
WA 98146,98146
WA 98011,98011
WA 98040,98040
WA 98074,98074
WA 98106,98106
WA 98034,98034
WA 98001,98001
WA 98106,98106
WA 98118,98118
WA 98033,98033
WA 98027,98027
WA 98077,98077
WA 98115,98115
WA 98118,98118
WA 98092,98092
WA 98033,98033
WA 98198,98198
WA 98198,98198
WA 98108,98108
WA 98042,98042
WA 98038,98038
WA 98005,98005
WA 98106,98106
WA 98027,98027
WA 98065,98065
WA 98058,98058
WA 98177,98177
WA 98055,98055
WA 98126,98126
WA 98053,98053
WA 98168,98168
WA 98103,98103
WA 98177,98177
WA 98103,98103
WA 98028,98028
WA 98051,98051
WA 98126,98126
WA 98047,98047
WA 98118,98118
WA 98109,98109
WA 98115,98115
WA 98034,98034
WA 98007,98007
WA 98072,98072
WA 98014,98014
WA 98027,98027
WA 98178,98178
WA 98075,98075
WA 98053,98053
WA 98023,98023
WA 98033,98033
WA 98038,98038
WA 98155,98155
WA 98106,98106
WA 98027,98027
WA 98053,98053
WA 98133,98133
WA 98002,98002
WA 98033,98033
WA 98005,98005
WA 98033,98033
WA 98053,98053
WA 98027,98027
WA 98146,98146
WA 98033,98033
WA 98034,98034
WA 98033,98033
WA 98029,98029
WA 98103,98103
WA 98042,98042
WA 98055,98055
WA 98033,98033
WA 98022,98022
WA 98042,98042
WA 98075,98075
WA 98004,98004
WA 98107,98107
WA 98006,98006
WA 98072,98072
WA 98052,98052
WA 98109,98109
WA 98056,98056
WA 98119,98119
WA 98115,98115
WA 98031,98031
WA 98019,98019
WA 98198,98198
WA 98146,98146
WA 98115,98115
WA 98136,98136
WA 98056,98056
WA 98198,98198
WA 98166,98166
WA 98045,98045
WA 98168,98168
WA 98023,98023
WA 98146,98146
WA 98118,98118
WA 98008,98008
WA 98023,98023
WA 98168,98168
WA 98092,98092
WA 98006,98006
WA 98008,98008
WA 98003,98003
WA 98178,98178
WA 98125,98125
WA 98107,98107
WA 98033,98033
WA 98034,98034
WA 98057,98057
WA 98136,98136
WA 98045,98045
WA 98052,98052
WA 98029,98029
WA 98136,98136
WA 98168,98168
WA 98103,98103
WA 98112,98112
WA 98074,98074
WA 98077,98077
WA 98106,98106
WA 98107,98107
WA 98010,98010
WA 98059,98059
WA 98052,98052
WA 98107,98107
WA 98075,98075
WA 98065,98065
WA 98144,98144
WA 98033,98033
WA 98053,98053
WA 98004,98004
WA 98144,98144
WA 98075,98075
WA 98117,98117
WA 98003,98003
WA 98042,98042
WA 98188,98188
WA 98125,98125
WA 98029,98029
WA 98004,98004
WA 98103,98103
WA 98108,98108
WA 98118,98118
WA 98053,98053
WA 98103,98103
WA 98002,98002
WA 98122,98122
WA 98144,98144
WA 98117,98117
WA 98014,98014
WA 98006,98006
WA 98022,98022
WA 98118,98118
WA 98199,98199
WA 98006,98006
WA 98023,98023
WA 98116,98116
WA 98051,98051
WA 98059,98059
WA 98001,98001
WA 98077,98077
WA 98042,98042
WA 98045,98045
WA 98115,98115
WA 98136,98136
WA 98056,98056
WA 98146,98146
WA 98115,98115
WA 98065,98065
WA 98052,98052
WA 98074,98074
WA 98007,98007
WA 98133,98133
WA 98109,98109
WA 98126,98126
WA 98052,98052
WA 98115,98115
WA 98072,98072
WA 98075,98075
WA 98103,98103
WA 98052,98052
WA 98109,98109
WA 98055,98055
WA 98029,98029
WA 98006,98006
WA 98003,98003
WA 98034,98034
WA 98166,98166
WA 98117,98117
WA 98052,98052
WA 98004,98004
WA 98092,98092
WA 98038,98038
WA 98116,98116
WA 98004,98004
WA 98092,98092
WA 98001,98001
WA 98052,98052
WA 98040,98040
WA 98117,98117
WA 98155,98155
WA 98058,98058
WA 98092,98092
WA 98027,98027
WA 98136,98136
WA 98053,98053
WA 98178,98178
WA 98102,98102
WA 98115,98115
WA 98146,98146
WA 98053,98053
WA 98056,98056
WA 98115,98115
WA 98178,98178
WA 98117,98117
WA 98033,98033
WA 98115,98115
WA 98115,98115
WA 98058,98058
WA 98031,98031
WA 98006,98006
WA 98006,98006
WA 98107,98107
WA 98178,98178
WA 98103,98103
WA 98126,98126
WA 98103,98103
WA 98103,98103
WA 98122,98122
WA 98045,98045
WA 98103,98103
WA 98075,98075
WA 98014,98014
WA 98115,98115
WA 98038,98038
WA 98029,98029
WA 98092,98092
WA 98058,98058
WA 98065,98065
WA 98075,98075
WA 98188,98188
WA 98022,98022
WA 98052,98052
WA 98038,98038
WA 98133,98133
WA 98106,98106
WA 98019,98019
WA 98072,98072
WA 98155,98155
WA 98058,98058
WA 98001,98001
WA 98028,98028
WA 98115,98115
WA 98118,98118
WA 98107,98107
WA 98125,98125
WA 98177,98177
WA 98125,98125
WA 98028,98028
WA 98177,98177
WA 98144,98144
WA 98144,98144
WA 98027,98027
WA 98031,98031
WA 98034,98034
WA 98072,98072
WA 98178,98178
WA 98112,98112
WA 98075,98075
WA 98115,98115
WA 98033,98033
WA 98004,98004
WA 98133,98133
WA 98058,98058
WA 98117,98117
WA 98040,98040
WA 98047,98047
WA 98112,98112
WA 98042,98042
WA 98030,98030
WA 98108,98108
WA 98028,98028
WA 98059,98059
WA 98107,98107
WA 98155,98155
WA 98199,98199
WA 98115,98115
WA 98116,98116
WA 98115,98115
WA 98072,98072
WA 98023,98023
WA 98030,98030
WA 98112,98112
WA 98052,98052
WA 98007,98007
WA 98178,98178
WA 98034,98034
WA 98198,98198
WA 98019,98019
WA 98040,98040
WA 98033,98033
WA 98144,98144
WA 98034,98034
WA 98106,98106
WA 98052,98052
WA 98155,98155
WA 98126,98126
WA 98006,98006
WA 98053,98053
WA 98119,98119
WA 98144,98144
WA 98059,98059
WA 98031,98031
WA 98166,98166
WA 98199,98199
WA 98118,98118
WA 98177,98177
WA 98027,98027
WA 98199,98199
WA 98133,98133
WA 98053,98053
WA 98034,98034
WA 98177,98177
WA 98058,98058
WA 98168,98168
WA 98075,98075
WA 98029,98029
WA 98042,98042
WA 98065,98065
WA 98040,98040
WA 98038,98038
WA 98146,98146
WA 98103,98103
WA 98115,98115
WA 98126,98126
WA 98107,98107
WA 98092,98092
WA 98168,98168
WA 98070,98070
WA 98117,98117
WA 98052,98052
WA 98033,98033
WA 98033,98033
WA 98198,98198
WA 98117,98117
WA 98125,98125
WA 98118,98118
WA 98065,98065
WA 98056,98056
WA 98027,98027
WA 98118,98118
WA 98028,98028
WA 98052,98052
WA 98168,98168
WA 98053,98053
WA 98077,98077
WA 98001,98001
WA 98040,98040
WA 98028,98028
WA 98075,98075
WA 98122,98122
WA 98115,98115
WA 98133,98133
WA 98117,98117
WA 98001,98001
WA 98115,98115
WA 98105,98105
WA 98033,98033
WA 98108,98108
WA 98102,98102
WA 98001,98001
WA 98059,98059
WA 98116,98116
WA 98118,98118
WA 98004,98004
WA 98103,98103
WA 98053,98053
WA 98106,98106
WA 98011,98011
WA 98058,98058
WA 98092,98092
WA 98092,98092
WA 98074,98074
WA 98029,98029
WA 98077,98077
WA 98007,98007
WA 98047,98047
WA 98103,98103
WA 98074,98074
WA 98059,98059
WA 98032,98032
WA 98030,98030
WA 98023,98023
WA 98003,98003
WA 98136,98136
WA 98002,98002
WA 98136,98136
WA 98075,98075
WA 98144,98144
WA 98125,98125
WA 98115,98115
WA 98034,98034
WA 98199,98199
WA 98116,98116
WA 98042,98042
WA 98126,98126
WA 98004,98004
WA 98119,98119
WA 98053,98053
WA 98125,98125
WA 98074,98074
WA 98056,98056
WA 98005,98005
WA 98136,98136
WA 98042,98042
WA 98103,98103
WA 98146,98146
WA 98023,98023
WA 98106,98106
WA 98144,98144
WA 98028,98028
WA 98144,98144
WA 98117,98117
WA 98117,98117
WA 98038,98038
WA 98155,98155
WA 98038,98038
WA 98031,98031
WA 98115,98115
WA 98042,98042
WA 98112,98112
WA 98125,98125
WA 98198,98198
WA 98105,98105
WA 98103,98103
WA 98072,98072
WA 98034,98034
WA 98065,98065
WA 98178,98178
WA 98003,98003
WA 98023,98023
WA 98024,98024
WA 98003,98003
WA 98058,98058
WA 98007,98007
WA 98117,98117
WA 98103,98103
WA 98065,98065
WA 98116,98116
WA 98055,98055
WA 98052,98052
WA 98023,98023
WA 98029,98029
WA 98144,98144
WA 98103,98103
WA 98028,98028
WA 98023,98023
WA 98003,98003
WA 98188,98188
WA 98053,98053
WA 98115,98115
WA 98115,98115
WA 98133,98133
WA 98042,98042
WA 98029,98029
WA 98042,98042
WA 98074,98074
WA 98031,98031
WA 98058,98058
WA 98022,98022
WA 98119,98119
WA 98168,98168
WA 98117,98117
WA 98112,98112
WA 98053,98053
WA 98115,98115
WA 98105,98105
WA 98133,98133
WA 98023,98023
WA 98117,98117
WA 98053,98053
WA 98133,98133
WA 98058,98058
WA 98005,98005
WA 98125,98125
WA 98059,98059
WA 98106,98106
WA 98117,98117
WA 98058,98058
WA 98108,98108
WA 98028,98028
WA 98059,98059
WA 98136,98136
WA 98034,98034
WA 98117,98117
WA 98126,98126
WA 98102,98102
WA 98040,98040
WA 98133,98133
WA 98023,98023
WA 98019,98019
WA 98039,98039
WA 98056,98056
WA 98028,98028
WA 98126,98126
WA 98198,98198
WA 98144,98144
WA 98115,98115
WA 98004,98004
WA 98038,98038
WA 98075,98075
WA 98006,98006
WA 98033,98033
WA 98058,98058
WA 98109,98109
WA 98168,98168
WA 98065,98065
WA 98168,98168
WA 98136,98136
WA 98198,98198
WA 98065,98065
WA 98168,98168
WA 98117,98117
WA 98119,98119
WA 98122,98122
WA 98006,98006
WA 98042,98042
WA 98166,98166
WA 98001,98001
WA 98103,98103
WA 98004,98004
WA 98106,98106
WA 98006,98006
WA 98058,98058
WA 98112,98112
WA 98106,98106
WA 98023,98023
WA 98001,98001
WA 98125,98125
WA 98125,98125
WA 98126,98126
WA 98053,98053
WA 98199,98199
WA 98103,98103
WA 98045,98045
WA 98074,98074
WA 98006,98006
WA 98105,98105
WA 98011,98011
WA 98108,98108
WA 98028,98028
WA 98177,98177
WA 98040,98040
WA 98072,98072
WA 98034,98034
WA 98126,98126
WA 98074,98074
WA 98116,98116
WA 98198,98198
WA 98004,98004
WA 98072,98072
WA 98125,98125
WA 98126,98126
WA 98030,98030
WA 98006,98006
WA 98115,98115
WA 98040,98040
WA 98039,98039
WA 98144,98144
WA 98070,98070
WA 98118,98118
WA 98029,98029
WA 98108,98108
WA 98117,98117
WA 98027,98027
WA 98053,98053
WA 98075,98075
WA 98118,98118
WA 98034,98034
WA 98045,98045
WA 98117,98117
WA 98065,98065
WA 98075,98075
WA 98074,98074
WA 98052,98052
WA 98056,98056
WA 98072,98072
WA 98122,98122
WA 98034,98034
WA 98198,98198
WA 98144,98144
WA 98074,98074
WA 98008,98008
WA 98136,98136
WA 98125,98125
WA 98108,98108
WA 98072,98072
WA 98126,98126
WA 98108,98108
WA 98108,98108
WA 98122,98122
WA 98136,98136
WA 98050,98050
WA 98038,98038
WA 98029,98029
WA 98040,98040
WA 98038,98038
WA 98199,98199
WA 98107,98107
WA 98112,98112
WA 98115,98115
WA 98126,98126
WA 98070,98070
WA 98074,98074
WA 98092,98092
WA 98032,98032
WA 98065,98065
WA 98005,98005
WA 98177,98177
WA 98074,98074
WA 98004,98004
WA 98029,98029
WA 98117,98117
WA 98029,98029
WA 98112,98112
WA 98133,98133
WA 98052,98052
WA 98033,98033
WA 98103,98103
WA 98118,98118
WA 98052,98052
WA 98031,98031
WA 98005,98005
WA 98112,98112
WA 98118,98118
WA 98155,98155
WA 98007,98007
WA 98199,98199
WA 98034,98034
WA 98042,98042
WA 98075,98075
WA 98103,98103
WA 98027,98027
WA 98155,98155
WA 98027,98027
WA 98092,98092
WA 98065,98065
WA 98040,98040
WA 98027,98027
WA 98003,98003
WA 98007,98007
WA 98042,98042
WA 98022,98022
WA 98178,98178
WA 98168,98168
WA 98092,98092
WA 98103,98103
WA 98059,98059
WA 98112,98112
WA 98115,98115
WA 98144,98144
WA 98056,98056
WA 98116,98116
WA 98053,98053
WA 98052,98052
WA 98027,98027
WA 98038,98038
WA 98144,98144
WA 98122,98122
WA 98042,98042
WA 98122,98122
WA 98112,98112
WA 98119,98119
WA 98115,98115
WA 98006,98006
WA 98115,98115
WA 98092,98092
WA 98042,98042
WA 98045,98045
WA 98032,98032
WA 98155,98155
WA 98056,98056
WA 98052,98052
WA 98119,98119
WA 98148,98148
WA 98003,98003
WA 98004,98004
WA 98133,98133
WA 98116,98116
WA 98122,98122
WA 98072,98072
WA 98059,98059
WA 98027,98027
WA 98177,98177
WA 98038,98038
WA 98105,98105
WA 98040,98040
WA 98118,98118
WA 98059,98059
WA 98042,98042
WA 98122,98122
WA 98055,98055
WA 98102,98102
WA 98146,98146
WA 98032,98032
WA 98126,98126
WA 98125,98125
WA 98077,98077
WA 98034,98034
WA 98198,98198
WA 98045,98045
WA 98103,98103
WA 98011,98011
WA 98115,98115
WA 98059,98059
WA 98056,98056
WA 98070,98070
WA 98107,98107
WA 98056,98056
WA 98065,98065
WA 98072,98072
WA 98034,98034
WA 98075,98075
WA 98103,98103
WA 98075,98075
WA 98052,98052
WA 98059,98059
WA 98011,98011
WA 98075,98075
WA 98027,98027
WA 98042,98042
WA 98045,98045
WA 98033,98033
WA 98008,98008
WA 98177,98177
WA 98122,98122
WA 98023,98023
WA 98057,98057
WA 98155,98155
WA 98103,98103
WA 98107,98107
WA 98029,98029
WA 98023,98023
WA 98040,98040
WA 98146,98146
WA 98198,98198
WA 98168,98168
WA 98007,98007
WA 98105,98105
WA 98003,98003
WA 98047,98047
WA 98019,98019
WA 98003,98003
WA 98146,98146
WA 98053,98053
WA 98058,98058
WA 98038,98038
WA 98065,98065
WA 98028,98028
WA 98045,98045
WA 98001,98001
WA 98106,98106
WA 98146,98146
WA 98014,98014
WA 98118,98118
WA 98168,98168
WA 98058,98058
WA 98004,98004
WA 98027,98027
WA 98042,98042
WA 98118,98118
WA 98042,98042
WA 98057,98057
WA 98040,98040
WA 98023,98023
WA 98006,98006
WA 98117,98117
WA 98038,98038
WA 98004,98004
WA 98199,98199
WA 98029,98029
WA 98019,98019
WA 98001,98001
WA 98168,98168
WA 98117,98117
WA 98166,98166
WA 98052,98052
WA 98019,98019
WA 98119,98119
WA 98033,98033
WA 98058,98058
WA 98126,98126
WA 98030,98030
WA 98028,98028
WA 98023,98023
WA 98023,98023
WA 98133,98133
WA 98117,98117
WA 98115,98115
WA 98125,98125
WA 98155,98155
WA 98008,98008
WA 98103,98103
WA 98006,98006
WA 98028,98028
WA 98059,98059
WA 98052,98052
WA 98155,98155
WA 98075,98075
WA 98058,98058
WA 98006,98006
WA 98056,98056
WA 98040,98040
WA 98033,98033
WA 98056,98056
WA 98103,98103
WA 98052,98052
WA 98144,98144
WA 98103,98103
WA 98198,98198
WA 98052,98052
WA 98119,98119
WA 98136,98136
WA 98199,98199
WA 98055,98055
WA 98052,98052
WA 98045,98045
WA 98117,98117
WA 98077,98077
WA 98007,98007
WA 98058,98058
WA 98059,98059
WA 98125,98125
WA 98023,98023
WA 98108,98108
WA 98133,98133
WA 98042,98042
WA 98115,98115
WA 98168,98168
WA 98065,98065
WA 98042,98042
WA 98177,98177
WA 98108,98108
WA 98122,98122
WA 98125,98125
WA 98033,98033
WA 98056,98056
WA 98092,98092
WA 98052,98052
WA 98027,98027
WA 98028,98028
WA 98002,98002
WA 98065,98065
WA 98065,98065
WA 98117,98117
WA 98065,98065
WA 98103,98103
WA 98029,98029
WA 98103,98103
WA 98034,98034
WA 98198,98198
WA 98028,98028
WA 98006,98006
WA 98117,98117
WA 98178,98178
WA 98136,98136
WA 98027,98027
WA 98198,98198
WA 98144,98144
WA 98118,98118
WA 98136,98136
WA 98106,98106
WA 98006,98006
WA 98112,98112
WA 98050,98050
WA 98074,98074
WA 98038,98038
WA 98072,98072
WA 98108,98108
WA 98005,98005
WA 98027,98027
WA 98116,98116
WA 98065,98065
WA 98001,98001
WA 98023,98023
WA 98019,98019
WA 98109,98109
WA 98031,98031
WA 98022,98022
WA 98027,98027
WA 98133,98133
WA 98040,98040
WA 98019,98019
WA 98007,98007
WA 98001,98001
WA 98045,98045
WA 98077,98077
WA 98103,98103
WA 98059,98059
WA 98052,98052
WA 98144,98144
WA 98115,98115
WA 98117,98117
WA 98074,98074
WA 98004,98004
WA 98030,98030
WA 98033,98033
WA 98007,98007
WA 98040,98040
WA 98118,98118
WA 98001,98001
WA 98168,98168
WA 98027,98027
WA 98019,98019
WA 98115,98115
WA 98125,98125
WA 98092,98092
WA 98199,98199
WA 98058,98058
WA 98006,98006
WA 98023,98023
WA 98146,98146
WA 98146,98146
WA 98188,98188
WA 98125,98125
WA 98038,98038
WA 98092,98092
WA 98106,98106
WA 98031,98031
WA 98028,98028
WA 98038,98038
WA 98199,98199
WA 98112,98112
WA 98034,98034
WA 98038,98038
WA 98006,98006
WA 98059,98059
WA 98092,98092
WA 98059,98059
WA 98122,98122
WA 98102,98102
WA 98118,98118
WA 98118,98118
WA 98117,98117
WA 98126,98126
WA 98023,98023
WA 98118,98118
WA 98126,98126
WA 98024,98024
WA 98115,98115
WA 98115,98115
WA 98072,98072
WA 98166,98166
WA 98155,98155
WA 98198,98198
WA 98166,98166
WA 98003,98003
WA 98052,98052
WA 98006,98006
WA 98107,98107
WA 98029,98029
WA 98052,98052
WA 98074,98074
WA 98042,98042
WA 98033,98033
WA 98034,98034
WA 98116,98116
WA 98001,98001
WA 98115,98115
WA 98005,98005
WA 98117,98117
WA 98058,98058
WA 98027,98027
WA 98126,98126
WA 98166,98166
WA 98072,98072
WA 98053,98053
WA 98065,98065
WA 98177,98177
WA 98155,98155
WA 98107,98107
WA 98023,98023
WA 98115,98115
WA 98056,98056
WA 98146,98146
WA 98144,98144
WA 98070,98070
WA 98177,98177
WA 98029,98029
WA 98033,98033
WA 98028,98028
WA 98112,98112
WA 98074,98074
WA 98014,98014
WA 98354,98354
WA 98115,98115
WA 98115,98115
WA 98053,98053
WA 98178,98178
WA 98075,98075
WA 98027,98027
WA 98122,98122
WA 98075,98075
WA 98075,98075
WA 98117,98117
WA 98027,98027
WA 98055,98055
WA 98029,98029
WA 98055,98055
WA 98077,98077
WA 98065,98065
WA 98103,98103
WA 98052,98052
WA 98008,98008
WA 98105,98105
WA 98011,98011
WA 98056,98056
WA 98133,98133
WA 98125,98125
WA 98038,98038
WA 98075,98075
WA 98075,98075
WA 98074,98074
WA 98004,98004
WA 98040,98040
WA 98188,98188
WA 98004,98004
WA 98027,98027
WA 98023,98023
WA 98058,98058
WA 98075,98075
WA 98058,98058
WA 98056,98056
WA 98103,98103
WA 98022,98022
WA 98008,98008
WA 98166,98166
WA 98115,98115
WA 98040,98040
WA 98005,98005
WA 98072,98072
WA 98031,98031
WA 98133,98133
WA 98136,98136
WA 98034,98034
WA 98103,98103
WA 98125,98125
WA 98053,98053
WA 98002,98002
WA 98058,98058
WA 98028,98028
WA 98198,98198
WA 98136,98136
WA 98125,98125
WA 98118,98118
WA 98107,98107
WA 98155,98155
WA 98019,98019
WA 98092,98092
WA 98045,98045
WA 98008,98008
WA 98074,98074
WA 98019,98019
WA 98055,98055
WA 98103,98103
WA 98019,98019
WA 98107,98107
WA 98136,98136
WA 98042,98042
WA 98039,98039
WA 98112,98112
WA 98057,98057
WA 98002,98002
WA 98001,98001
WA 98188,98188
WA 98019,98019
WA 98001,98001
WA 98122,98122
WA 98053,98053
WA 98144,98144
WA 98102,98102
WA 98119,98119
WA 98070,98070
WA 98005,98005
WA 98007,98007
WA 98065,98065
WA 98168,98168
WA 98014,98014
WA 98103,98103
WA 98072,98072
WA 98031,98031
WA 98117,98117
WA 98023,98023
WA 98125,98125
WA 98106,98106
WA 98006,98006
WA 98019,98019
WA 98065,98065
WA 98019,98019
WA 98005,98005
WA 98077,98077
WA 98166,98166
WA 98107,98107
WA 98075,98075
WA 98056,98056
WA 98136,98136
WA 98059,98059
WA 98144,98144
WA 98126,98126
WA 98106,98106
WA 98125,98125
WA 98033,98033
WA 98074,98074
WA 98042,98042
WA 98053,98053
WA 98031,98031
WA 98040,98040
WA 98117,98117
WA 98056,98056
WA 98117,98117
WA 98038,98038
WA 98056,98056
WA 98119,98119
WA 98155,98155
WA 98146,98146
WA 98103,98103
WA 98024,98024
WA 98155,98155
WA 98122,98122
WA 98092,98092
WA 98027,98027
WA 98059,98059
WA 98070,98070
WA 98057,98057
WA 98177,98177
WA 98188,98188
WA 98105,98105
WA 98042,98042
WA 98155,98155
WA 98006,98006
WA 98075,98075
WA 98144,98144
WA 98168,98168
WA 98115,98115
WA 98003,98003
WA 98118,98118
WA 98031,98031
WA 98108,98108
WA 98177,98177
WA 98117,98117
WA 98070,98070
WA 98092,98092
WA 98105,98105
WA 98103,98103
WA 98144,98144
WA 98155,98155
WA 98040,98040
WA 98118,98118
WA 98034,98034
WA 98034,98034
WA 98148,98148
WA 98034,98034
WA 98056,98056
WA 98126,98126
WA 98133,98133
WA 98031,98031
WA 98011,98011
WA 98125,98125
WA 98005,98005
WA 98004,98004
WA 98198,98198
WA 98106,98106
WA 98126,98126
WA 98033,98033
WA 98075,98075
WA 98053,98053
WA 98118,98118
WA 98155,98155
WA 98006,98006
WA 98038,98038
WA 98033,98033
WA 98133,98133
WA 98077,98077
WA 98117,98117
WA 98125,98125
WA 98056,98056
WA 98001,98001
WA 98117,98117
WA 98136,98136
WA 98011,98011
WA 98011,98011
WA 98027,98027
WA 98003,98003
WA 98117,98117
WA 98006,98006
WA 98065,98065
WA 98033,98033
WA 98102,98102
WA 98045,98045
WA 98092,98092
WA 98059,98059
WA 98102,98102
WA 98102,98102
WA 98133,98133
WA 98052,98052
WA 98115,98115
WA 98045,98045
WA 98168,98168
WA 98023,98023
WA 98057,98057
WA 98118,98118
WA 98057,98057
WA 98105,98105
WA 98122,98122
WA 98065,98065
WA 98144,98144
WA 98004,98004
WA 98052,98052
WA 98118,98118
WA 98075,98075
WA 98146,98146
WA 98116,98116
WA 98133,98133
WA 98119,98119
WA 98052,98052
WA 98056,98056
WA 98178,98178
WA 98075,98075
WA 98077,98077
WA 98133,98133
WA 98077,98077
WA 98042,98042
WA 98038,98038
WA 98059,98059
WA 98155,98155
WA 98011,98011
WA 98006,98006
WA 98144,98144
WA 98125,98125
WA 98136,98136
WA 98199,98199
WA 98059,98059
WA 98059,98059
WA 98125,98125
WA 98125,98125
WA 98177,98177
WA 98092,98092
WA 98126,98126
WA 98106,98106
WA 98117,98117
WA 98103,98103
WA 98045,98045
WA 98023,98023
WA 98115,98115
WA 98075,98075
WA 98042,98042
WA 98092,98092
WA 98199,98199
WA 98177,98177
WA 98168,98168
WA 98002,98002
WA 98125,98125
WA 98001,98001
WA 98006,98006
WA 98126,98126
WA 98125,98125
WA 98117,98117
WA 98112,98112
WA 98075,98075
WA 98133,98133
WA 98074,98074
WA 98115,98115
WA 98040,98040
WA 98027,98027
WA 98144,98144
WA 98144,98144
WA 98002,98002
WA 98092,98092
WA 98045,98045
WA 98103,98103
WA 98102,98102
WA 98065,98065
WA 98133,98133
WA 98029,98029
WA 98059,98059
WA 98117,98117
WA 98023,98023
WA 98004,98004
WA 98053,98053
WA 98074,98074
WA 98057,98057
WA 98033,98033
WA 98057,98057
WA 98177,98177
WA 98112,98112
WA 98102,98102
WA 98118,98118
WA 98007,98007
WA 98052,98052
WA 98136,98136
WA 98022,98022
WA 98075,98075
WA 98092,98092
WA 98105,98105
WA 98074,98074
WA 98034,98034
WA 98055,98055
WA 98092,98092
WA 98115,98115
WA 98199,98199
WA 98155,98155
WA 98033,98033
WA 98030,98030
WA 98103,98103
WA 98199,98199
WA 98144,98144
WA 98198,98198
WA 98117,98117
WA 98023,98023
WA 98115,98115
WA 98105,98105
WA 98092,98092
WA 98136,98136
WA 98053,98053
WA 98034,98034
WA 98108,98108
WA 98177,98177
WA 98105,98105
WA 98133,98133
WA 98040,98040
WA 98112,98112
WA 98074,98074
WA 98059,98059
WA 98040,98040
WA 98107,98107
WA 98092,98092
WA 98092,98092
WA 98059,98059
WA 98011,98011
WA 98116,98116
WA 98106,98106
WA 98198,98198
WA 98105,98105
WA 98133,98133
WA 98166,98166
WA 98133,98133
WA 98108,98108
WA 98006,98006
WA 98004,98004
WA 98038,98038
WA 98092,98092
WA 98029,98029
WA 98115,98115
WA 98103,98103
WA 98033,98033
WA 98052,98052
WA 98058,98058
WA 98107,98107
WA 98115,98115
WA 98122,98122
WA 98031,98031
WA 98125,98125
WA 98034,98034
WA 98103,98103
WA 98052,98052
WA 98108,98108
WA 98029,98029
WA 98027,98027
WA 98103,98103
WA 98034,98034
WA 98074,98074
WA 98198,98198
WA 98030,98030
WA 98103,98103
WA 98118,98118
WA 98168,98168
WA 98045,98045
WA 98155,98155
WA 98155,98155
WA 98117,98117
WA 98008,98008
WA 98034,98034
WA 98103,98103
WA 98199,98199
WA 98112,98112
WA 98168,98168
WA 98103,98103
WA 98072,98072
WA 98030,98030
WA 98023,98023
WA 98034,98034
WA 98077,98077
WA 98178,98178
WA 98042,98042
WA 98092,98092
WA 98107,98107
WA 98055,98055
WA 98001,98001
WA 98040,98040
WA 98059,98059
WA 98125,98125
WA 98074,98074
WA 98053,98053
WA 98074,98074
WA 98106,98106
WA 98029,98029
WA 98029,98029
WA 98178,98178
WA 98074,98074
WA 98038,98038
WA 98070,98070
WA 98040,98040
WA 98112,98112
WA 98166,98166
WA 98030,98030
WA 98126,98126
WA 98074,98074
WA 98058,98058
WA 98146,98146
WA 98136,98136
WA 98055,98055
WA 98007,98007
WA 98052,98052
WA 98133,98133
WA 98002,98002
WA 98177,98177
WA 98116,98116
WA 98077,98077
WA 98199,98199
WA 98116,98116
WA 98109,98109
WA 98103,98103
WA 98117,98117
WA 98118,98118
WA 98059,98059
WA 98126,98126
WA 98188,98188
WA 98038,98038
WA 98042,98042
WA 98029,98029
WA 98102,98102
WA 98027,98027
WA 98059,98059
WA 98028,98028
WA 98034,98034
WA 98125,98125
WA 98072,98072
WA 98027,98027
WA 98144,98144
WA 98125,98125
WA 98029,98029
WA 98028,98028
WA 98168,98168
WA 98004,98004
WA 98115,98115
WA 98029,98029
WA 98008,98008
WA 98008,98008
WA 98059,98059
WA 98115,98115
WA 98011,98011
WA 98028,98028
WA 98058,98058
WA 98105,98105
WA 98002,98002
WA 98105,98105
WA 98116,98116
WA 98116,98116
WA 98059,98059
WA 98148,98148
WA 98118,98118
WA 98058,98058
WA 98029,98029
WA 98112,98112
WA 98029,98029
WA 98029,98029
WA 98168,98168
WA 98058,98058
WA 98144,98144
WA 98115,98115
WA 98006,98006
WA 98051,98051
WA 98045,98045
WA 98133,98133
WA 98107,98107
WA 98007,98007
WA 98122,98122
WA 98033,98033
WA 98074,98074
WA 98053,98053
WA 98112,98112
WA 98033,98033
WA 98040,98040
WA 98070,98070
WA 98006,98006
WA 98199,98199
WA 98118,98118
WA 98034,98034
WA 98019,98019
WA 98052,98052
WA 98008,98008
WA 98052,98052
WA 98168,98168
WA 98075,98075
WA 98045,98045
WA 98053,98053
WA 98122,98122
WA 98077,98077
WA 98109,98109
WA 98118,98118
WA 98070,98070
WA 98027,98027
WA 98023,98023
WA 98107,98107
WA 98109,98109
WA 98001,98001
WA 98166,98166
WA 98117,98117
WA 98030,98030
WA 98052,98052
WA 98034,98034
WA 98126,98126
WA 98038,98038
WA 98106,98106
WA 98011,98011
WA 98075,98075
WA 98125,98125
WA 98052,98052
WA 98103,98103
WA 98125,98125
WA 98178,98178
WA 98023,98023
WA 98125,98125
WA 98004,98004
WA 98038,98038
WA 98075,98075
WA 98118,98118
WA 98039,98039
WA 98070,98070
WA 98034,98034
WA 98059,98059
WA 98103,98103
WA 98056,98056
WA 98042,98042
WA 98074,98074
WA 98133,98133
WA 98011,98011
WA 98117,98117
WA 98019,98019
WA 98125,98125
WA 98059,98059
WA 98136,98136
WA 98031,98031
WA 98023,98023
WA 98052,98052
WA 98133,98133
WA 98023,98023
WA 98126,98126
WA 98001,98001
WA 98092,98092
WA 98030,98030
WA 98006,98006
WA 98117,98117
WA 98155,98155
WA 98115,98115
WA 98116,98116
WA 98059,98059
WA 98065,98065
WA 98105,98105
WA 98070,98070
WA 98072,98072
WA 98188,98188
WA 98029,98029
WA 98042,98042
WA 98034,98034
WA 98023,98023
WA 98027,98027
WA 98038,98038
WA 98168,98168
WA 98115,98115
WA 98106,98106
WA 98053,98053
WA 98052,98052
WA 98118,98118
WA 98040,98040
WA 98188,98188
WA 98074,98074
WA 98119,98119
WA 98059,98059
WA 98109,98109
WA 98042,98042
WA 98056,98056
WA 98103,98103
WA 98077,98077
WA 98155,98155
WA 98052,98052
WA 98052,98052
WA 98133,98133
WA 98058,98058
WA 98030,98030
WA 98004,98004
WA 98112,98112
WA 98059,98059
WA 98119,98119
WA 98023,98023
WA 98034,98034
WA 98177,98177
WA 98031,98031
WA 98056,98056
WA 98118,98118
WA 98077,98077
WA 98065,98065
WA 98034,98034
WA 98103,98103
WA 98065,98065
WA 98034,98034
WA 98166,98166
WA 98002,98002
WA 98102,98102
WA 98112,98112
WA 98070,98070
WA 98030,98030
WA 98146,98146
WA 98115,98115
WA 98007,98007
WA 98019,98019
WA 98125,98125
WA 98115,98115
WA 98059,98059
WA 98033,98033
WA 98178,98178
WA 98092,98092
WA 98177,98177
WA 98122,98122
WA 98030,98030
WA 98112,98112
WA 98059,98059
WA 98029,98029
WA 98052,98052
WA 98058,98058
WA 98002,98002
WA 98040,98040
WA 98107,98107
WA 98004,98004
WA 98007,98007
WA 98116,98116
WA 98033,98033
WA 98199,98199
WA 98116,98116
WA 98059,98059
WA 98031,98031
WA 98103,98103
WA 98155,98155
WA 98199,98199
WA 98103,98103
WA 98075,98075
WA 98056,98056
WA 98052,98052
WA 98006,98006
WA 98019,98019
WA 98038,98038
WA 98024,98024
WA 98125,98125
WA 98166,98166
WA 98023,98023
WA 98059,98059
WA 98042,98042
WA 98038,98038
WA 98075,98075
WA 98116,98116
WA 98040,98040
WA 98166,98166
WA 98053,98053
WA 98188,98188
WA 98125,98125
WA 98107,98107
WA 98126,98126
WA 98074,98074
WA 98092,98092
WA 98108,98108
WA 98117,98117
WA 98031,98031
WA 98119,98119
WA 98058,98058
WA 98136,98136
WA 98155,98155
WA 98148,98148
WA 98058,98058
WA 98001,98001
WA 98019,98019
WA 98077,98077
WA 98004,98004
WA 98031,98031
WA 98177,98177
WA 98003,98003
WA 98118,98118
WA 98065,98065
WA 98199,98199
WA 98058,98058
WA 98045,98045
WA 98106,98106
WA 98006,98006
WA 98034,98034
WA 98168,98168
WA 98023,98023
WA 98106,98106
WA 98033,98033
WA 98166,98166
WA 98029,98029
WA 98177,98177
WA 98126,98126
WA 98075,98075
WA 98042,98042
WA 98146,98146
WA 98027,98027
WA 98198,98198
WA 98006,98006
WA 98108,98108
WA 98028,98028
WA 98052,98052
WA 98023,98023
WA 98074,98074
WA 98034,98034
WA 98116,98116
WA 98027,98027
WA 98034,98034
WA 98074,98074
WA 98168,98168
WA 98019,98019
WA 98155,98155
WA 98146,98146
WA 98119,98119
WA 98038,98038
WA 98058,98058
WA 98004,98004
WA 98126,98126
WA 98053,98053
WA 98053,98053
WA 98107,98107
WA 98059,98059
WA 98106,98106
WA 98065,98065
WA 98059,98059
WA 98002,98002
WA 98033,98033
WA 98033,98033
WA 98103,98103
WA 98103,98103
WA 98028,98028
WA 98103,98103
WA 98117,98117
WA 98118,98118
WA 98058,98058
WA 98092,98092
WA 98058,98058
WA 98119,98119
WA 98038,98038
WA 98103,98103
WA 98033,98033
WA 98116,98116
WA 98052,98052
WA 98008,98008
WA 98122,98122
WA 98116,98116
WA 98006,98006
WA 98168,98168
WA 98092,98092
WA 98119,98119
WA 98056,98056
WA 98022,98022
WA 98115,98115
WA 98118,98118
WA 98034,98034
WA 98053,98053
WA 98166,98166
WA 98118,98118
WA 98027,98027
WA 98155,98155
WA 98053,98053
WA 98003,98003
WA 98028,98028
WA 98177,98177
WA 98027,98027
WA 98117,98117
WA 98118,98118
WA 98038,98038
WA 98117,98117
WA 98042,98042
WA 98102,98102
WA 98002,98002
WA 98119,98119
WA 98178,98178
WA 98168,98168
WA 98155,98155
WA 98031,98031
WA 98058,98058
WA 98133,98133
WA 98052,98052
WA 98177,98177
WA 98148,98148
WA 98030,98030
WA 98006,98006
WA 98022,98022
WA 98059,98059
WA 98023,98023
WA 98122,98122
WA 98198,98198
WA 98034,98034
WA 98105,98105
WA 98059,98059
WA 98155,98155
WA 98022,98022
WA 98103,98103
WA 98004,98004
WA 98115,98115
WA 98040,98040
WA 98199,98199
WA 98144,98144
WA 98029,98029
WA 98053,98053
WA 98023,98023
WA 98117,98117
WA 98133,98133
WA 98006,98006
WA 98014,98014
WA 98014,98014
WA 98117,98117
WA 98023,98023
WA 98102,98102
WA 98034,98034
WA 98038,98038
WA 98146,98146
WA 98075,98075
WA 98075,98075
WA 98034,98034
WA 98034,98034
WA 98004,98004
WA 98002,98002
WA 98103,98103
WA 98107,98107
WA 98059,98059
WA 98053,98053
WA 98053,98053
WA 98023,98023
WA 98056,98056
WA 98034,98034
WA 98053,98053
WA 98040,98040
WA 98117,98117
WA 98168,98168
WA 98040,98040
WA 98029,98029
WA 98045,98045
WA 98112,98112
WA 98074,98074
WA 98002,98002
WA 98053,98053
WA 98002,98002
WA 98029,98029
WA 98103,98103
WA 98155,98155
WA 98117,98117
WA 98136,98136
WA 98059,98059
WA 98136,98136
WA 98004,98004
WA 98178,98178
WA 98146,98146
WA 98074,98074
WA 98168,98168
WA 98075,98075
WA 98103,98103
WA 98198,98198
WA 98103,98103
WA 98011,98011
WA 98166,98166
WA 98103,98103
WA 98059,98059
WA 98115,98115
WA 98038,98038
WA 98166,98166
WA 98042,98042
WA 98058,98058
WA 98033,98033
WA 98040,98040
WA 98117,98117
WA 98133,98133
WA 98002,98002
WA 98045,98045
WA 98075,98075
WA 98038,98038
WA 98011,98011
WA 98011,98011
WA 98055,98055
WA 98198,98198
WA 98030,98030
WA 98168,98168
WA 98077,98077
WA 98092,98092
WA 98008,98008
WA 98168,98168
WA 98199,98199
WA 98144,98144
WA 98006,98006
WA 98146,98146
WA 98072,98072
WA 98072,98072
WA 98122,98122
WA 98006,98006
WA 98040,98040
WA 98119,98119
WA 98106,98106
WA 98038,98038
WA 98125,98125
WA 98107,98107
WA 98056,98056
WA 98002,98002
WA 98033,98033
WA 98059,98059
WA 98133,98133
WA 98074,98074
WA 98155,98155
WA 98070,98070
WA 98040,98040
WA 98177,98177
WA 98038,98038
WA 98075,98075
WA 98007,98007
WA 98105,98105
WA 98103,98103
WA 98136,98136
WA 98006,98006
WA 98006,98006
WA 98125,98125
WA 98006,98006
WA 98056,98056
WA 98058,98058
WA 98007,98007
WA 98074,98074
WA 98106,98106
WA 98092,98092
WA 98052,98052
WA 98056,98056
WA 98122,98122
WA 98065,98065
WA 98107,98107
WA 98004,98004
WA 98052,98052
WA 98116,98116
WA 98008,98008
WA 98199,98199
WA 98117,98117
WA 98052,98052
WA 98199,98199
WA 98034,98034
WA 98029,98029
WA 98006,98006
WA 98033,98033
WA 98006,98006
WA 98027,98027
WA 98144,98144
WA 98005,98005
WA 98056,98056
WA 98188,98188
WA 98006,98006
WA 98178,98178
WA 98116,98116
WA 98045,98045
WA 98074,98074
WA 98040,98040
WA 98155,98155
WA 98034,98034
WA 98042,98042
WA 98103,98103
WA 98059,98059
WA 98001,98001
WA 98056,98056
WA 98034,98034
WA 98003,98003
WA 98059,98059
WA 98023,98023
WA 98133,98133
WA 98103,98103
WA 98007,98007
WA 98115,98115
WA 98006,98006
WA 98022,98022
WA 98126,98126
WA 98004,98004
WA 98115,98115
WA 98199,98199
WA 98042,98042
WA 98106,98106
WA 98112,98112
WA 98178,98178
WA 98133,98133
WA 98155,98155
WA 98119,98119
WA 98136,98136
WA 98136,98136
WA 98030,98030
WA 98058,98058
WA 98166,98166
WA 98031,98031
WA 98072,98072
WA 98042,98042
WA 98053,98053
WA 98011,98011
WA 98033,98033
WA 98144,98144
WA 98042,98042
WA 98052,98052
WA 98125,98125
WA 98031,98031
WA 98177,98177
WA 98008,98008
WA 98034,98034
WA 98168,98168
WA 98155,98155
WA 98146,98146
WA 98125,98125
WA 98029,98029
WA 98155,98155
WA 98146,98146
WA 98042,98042
WA 98027,98027
WA 98133,98133
WA 98077,98077
WA 98055,98055
WA 98053,98053
WA 98059,98059
WA 98117,98117
WA 98116,98116
WA 98042,98042
WA 98125,98125
WA 98107,98107
WA 98056,98056
WA 98011,98011
WA 98168,98168
WA 98008,98008
WA 98074,98074
WA 98103,98103
WA 98178,98178
WA 98074,98074
WA 98003,98003
WA 98042,98042
WA 98029,98029
WA 98177,98177
WA 98029,98029
WA 98198,98198
WA 98117,98117
WA 98004,98004
WA 98014,98014
WA 98027,98027
WA 98019,98019
WA 98072,98072
WA 98103,98103
WA 98133,98133
WA 98072,98072
WA 98117,98117
WA 98092,98092
WA 98031,98031
WA 98032,98032
WA 98109,98109
WA 98008,98008
WA 98116,98116
WA 98042,98042
WA 98168,98168
WA 98168,98168
WA 98023,98023
WA 98103,98103
WA 98053,98053
WA 98107,98107
WA 98029,98029
WA 98059,98059
WA 98074,98074
WA 98034,98034
WA 98103,98103
WA 98122,98122
WA 98006,98006
WA 98125,98125
WA 98103,98103
WA 98042,98042
WA 98052,98052
WA 98042,98042
WA 98042,98042
WA 98065,98065
WA 98092,98092
WA 98042,98042
WA 98144,98144
WA 98108,98108
WA 98102,98102
WA 98178,98178
WA 98106,98106
WA 98029,98029
WA 98001,98001
WA 98136,98136
WA 98144,98144
WA 98144,98144
WA 98115,98115
WA 98117,98117
WA 98198,98198
WA 98052,98052
WA 98023,98023
WA 98117,98117
WA 98070,98070
WA 98052,98052
WA 98199,98199
WA 98072,98072
WA 98077,98077
WA 98040,98040
WA 98177,98177
WA 98072,98072
WA 98126,98126
WA 98045,98045
WA 98117,98117
WA 98115,98115
WA 98022,98022
WA 98003,98003
WA 98166,98166
WA 98003,98003
WA 98074,98074
WA 98059,98059
WA 98005,98005
WA 98072,98072
WA 98070,98070
WA 98074,98074
WA 98053,98053
WA 98118,98118
WA 98072,98072
WA 98112,98112
WA 98058,98058
WA 98112,98112
WA 98106,98106
WA 98144,98144
WA 98052,98052
WA 98105,98105
WA 98008,98008
WA 98059,98059
WA 98053,98053
WA 98136,98136
WA 98022,98022
WA 98126,98126
WA 98198,98198
WA 98144,98144
WA 98052,98052
WA 98006,98006
WA 98032,98032
WA 98103,98103
WA 98166,98166
WA 98033,98033
WA 98077,98077
WA 98155,98155
WA 98056,98056
WA 98006,98006
WA 98133,98133
WA 98178,98178
WA 98029,98029
WA 98126,98126
WA 98144,98144
WA 98059,98059
WA 98006,98006
WA 98023,98023
WA 98032,98032
WA 98006,98006
WA 98023,98023
WA 98178,98178
WA 98155,98155
WA 98155,98155
WA 98053,98053
WA 98029,98029
WA 98125,98125
WA 98178,98178
WA 98144,98144
WA 98031,98031
WA 98119,98119
WA 98001,98001
WA 98144,98144
WA 98053,98053
WA 98042,98042
WA 98027,98027
WA 98126,98126
WA 98075,98075
WA 98178,98178
WA 98038,98038
WA 98023,98023
WA 98133,98133
WA 98126,98126
WA 98092,98092
WA 98117,98117
WA 98077,98077
WA 98103,98103
WA 98146,98146
WA 98118,98118
WA 98118,98118
WA 98109,98109
WA 98122,98122
WA 98117,98117
WA 98019,98019
WA 98006,98006
WA 98029,98029
WA 98144,98144
WA 98052,98052
WA 98108,98108
WA 98027,98027
WA 98109,98109
WA 98133,98133
WA 98072,98072
WA 98030,98030
WA 98031,98031
WA 98001,98001
WA 98059,98059
WA 98056,98056
WA 98166,98166
WA 98004,98004
WA 98029,98029
WA 98007,98007
WA 98106,98106
WA 98040,98040
WA 98103,98103
WA 98042,98042
WA 98092,98092
WA 98033,98033
WA 98052,98052
WA 98053,98053
WA 98115,98115
WA 98107,98107
WA 98027,98027
WA 98168,98168
WA 98008,98008
WA 98065,98065
WA 98045,98045
WA 98107,98107
WA 98028,98028
WA 98002,98002
WA 98052,98052
WA 98038,98038
WA 98031,98031
WA 98074,98074
WA 98117,98117
WA 98198,98198
WA 98058,98058
WA 98117,98117
WA 98065,98065
WA 98112,98112
WA 98029,98029
WA 98107,98107
WA 98030,98030
WA 98045,98045
WA 98155,98155
WA 98144,98144
WA 98052,98052
WA 98126,98126
WA 98177,98177
WA 98092,98092
WA 98178,98178
WA 98178,98178
WA 98075,98075
WA 98155,98155
WA 98030,98030
WA 98126,98126
WA 98178,98178
WA 98125,98125
WA 98002,98002
WA 98117,98117
WA 98125,98125
WA 98034,98034
WA 98109,98109
WA 98065,98065
WA 98023,98023
WA 98075,98075
WA 98032,98032
WA 98056,98056
WA 98117,98117
WA 98007,98007
WA 98166,98166
WA 98074,98074
WA 98027,98027
WA 98029,98029
WA 98004,98004
WA 98168,98168
WA 98105,98105
WA 98155,98155
WA 98072,98072
WA 98038,98038
WA 98059,98059
WA 98105,98105
WA 98010,98010
WA 98075,98075
WA 98028,98028
WA 98118,98118
WA 98005,98005
WA 98006,98006
WA 98115,98115
WA 98108,98108
WA 98058,98058
WA 98008,98008
WA 98148,98148
WA 98119,98119
WA 98103,98103
WA 98092,98092
WA 98003,98003
WA 98199,98199
WA 98005,98005
WA 98146,98146
WA 98146,98146
WA 98031,98031
WA 98038,98038
WA 98115,98115
WA 98177,98177
WA 98065,98065
WA 98155,98155
WA 98092,98092
WA 98106,98106
WA 98034,98034
WA 98072,98072
WA 98107,98107
WA 98056,98056
WA 98029,98029
WA 98006,98006
WA 98136,98136
WA 98126,98126
WA 98002,98002
WA 98146,98146
WA 98028,98028
WA 98177,98177
WA 98019,98019
WA 98047,98047
WA 98103,98103
WA 98115,98115
WA 98119,98119
WA 98103,98103
WA 98024,98024
WA 98006,98006
WA 98058,98058
WA 98029,98029
WA 98146,98146
WA 98056,98056
WA 98042,98042
WA 98057,98057
WA 98002,98002
WA 98058,98058
WA 98040,98040
WA 98034,98034
WA 98125,98125
WA 98166,98166
WA 98092,98092
WA 98125,98125
WA 98077,98077
WA 98103,98103
WA 98122,98122
WA 98116,98116
WA 98040,98040
WA 98126,98126
WA 98042,98042
WA 98005,98005
WA 98074,98074
WA 98115,98115
WA 98031,98031
WA 98070,98070
WA 98058,98058
WA 98002,98002
WA 98045,98045
WA 98006,98006
WA 98116,98116
WA 98166,98166
WA 98001,98001
WA 98065,98065
WA 98011,98011
WA 98155,98155
WA 98031,98031
WA 98122,98122
WA 98155,98155
WA 98005,98005
WA 98107,98107
WA 98065,98065
WA 98023,98023
WA 98059,98059
WA 98053,98053
WA 98198,98198
WA 98042,98042
WA 98032,98032
WA 98155,98155
WA 98178,98178
WA 98144,98144
WA 98031,98031
WA 98038,98038
WA 98155,98155
WA 98109,98109
WA 98074,98074
WA 98116,98116
WA 98052,98052
WA 98028,98028
WA 98006,98006
WA 98107,98107
WA 98040,98040
WA 98031,98031
WA 98003,98003
WA 98108,98108
WA 98144,98144
WA 98166,98166
WA 98117,98117
WA 98033,98033
WA 98116,98116
WA 98074,98074
WA 98027,98027
WA 98065,98065
WA 98027,98027
WA 98122,98122
WA 98117,98117
WA 98188,98188
WA 98155,98155
WA 98166,98166
WA 98030,98030
WA 98003,98003
WA 98001,98001
WA 98108,98108
WA 98022,98022
WA 98006,98006
WA 98006,98006
WA 98059,98059
WA 98004,98004
WA 98002,98002
WA 98001,98001
WA 98001,98001
WA 98126,98126
WA 98112,98112
WA 98077,98077
WA 98166,98166
WA 98199,98199
WA 98034,98034
WA 98168,98168
WA 98039,98039
WA 98126,98126
WA 98006,98006
WA 98198,98198
WA 98198,98198
WA 98166,98166
WA 98023,98023
WA 98028,98028
WA 98117,98117
WA 98059,98059
WA 98070,98070
WA 98019,98019
WA 98133,98133
WA 98092,98092
WA 98059,98059
WA 98027,98027
WA 98059,98059
WA 98019,98019
WA 98116,98116
WA 98010,98010
WA 98003,98003
WA 98119,98119
WA 98092,98092
WA 98059,98059
WA 98075,98075
WA 98117,98117
WA 98198,98198
WA 98001,98001
WA 98034,98034
WA 98125,98125
WA 98070,98070
WA 98109,98109
WA 98006,98006
WA 98188,98188
WA 98027,98027
WA 98115,98115
WA 98014,98014
WA 98032,98032
WA 98177,98177
WA 98038,98038
WA 98126,98126
WA 98122,98122
WA 98070,98070
WA 98038,98038
WA 98133,98133
WA 98058,98058
WA 98042,98042
WA 98059,98059
WA 98028,98028
WA 98074,98074
WA 98022,98022
WA 98023,98023
WA 98042,98042
WA 98038,98038
WA 98117,98117
WA 98052,98052
WA 98052,98052
WA 98077,98077
WA 98148,98148
WA 98072,98072
WA 98092,98092
WA 98040,98040
WA 98042,98042
WA 98155,98155
WA 98028,98028
WA 98107,98107
WA 98108,98108
WA 98106,98106
WA 98117,98117
WA 98038,98038
WA 98065,98065
WA 98107,98107
WA 98092,98092
WA 98058,98058
WA 98059,98059
WA 98029,98029
WA 98105,98105
WA 98119,98119
WA 98031,98031
WA 98103,98103
WA 98166,98166
WA 98077,98077
WA 98070,98070
WA 98058,98058
WA 98125,98125
WA 98112,98112
WA 98168,98168
WA 98155,98155
WA 98106,98106
WA 98053,98053
WA 98055,98055
WA 98038,98038
WA 98032,98032
WA 98103,98103
WA 98052,98052
WA 98116,98116
WA 98288,98288
WA 98112,98112
WA 98001,98001
WA 98033,98033
WA 98148,98148
WA 98045,98045
WA 98022,98022
WA 98126,98126
WA 98029,98029
WA 98108,98108
WA 98112,98112
WA 98112,98112
WA 98019,98019
WA 98038,98038
WA 98155,98155
WA 98117,98117
WA 98056,98056
WA 98122,98122
WA 98125,98125
WA 98006,98006
WA 98045,98045
WA 98126,98126
WA 98038,98038
WA 98144,98144
WA 98014,98014
WA 98118,98118
WA 98056,98056
WA 98042,98042
WA 98005,98005
WA 98053,98053
WA 98198,98198
WA 98112,98112
WA 98004,98004
WA 98155,98155
WA 98053,98053
WA 98136,98136
WA 98122,98122
WA 98033,98033
WA 98034,98034
WA 98117,98117
WA 98115,98115
WA 98004,98004
WA 98155,98155
WA 98155,98155
WA 98001,98001
WA 98166,98166
WA 98148,98148
WA 98038,98038
WA 98038,98038
WA 98030,98030
WA 98199,98199
WA 98038,98038
WA 98108,98108
WA 98155,98155
WA 98126,98126
WA 98031,98031
WA 98058,98058
WA 98052,98052
WA 98115,98115
WA 98116,98116
WA 98028,98028
WA 98001,98001
WA 98077,98077
WA 98144,98144
WA 98118,98118
WA 98028,98028
WA 98103,98103
WA 98118,98118
WA 98105,98105
WA 98040,98040
WA 98053,98053
WA 98029,98029
WA 98028,98028
WA 98055,98055
WA 98108,98108
WA 98034,98034
WA 98119,98119
WA 98178,98178
WA 98155,98155
WA 98199,98199
WA 98065,98065
WA 98042,98042
WA 98059,98059
WA 98006,98006
WA 98166,98166
WA 98117,98117
WA 98056,98056
WA 98074,98074
WA 98109,98109
WA 98042,98042
WA 98033,98033
WA 98144,98144
WA 98103,98103
WA 98177,98177
WA 98168,98168
WA 98029,98029
WA 98117,98117
WA 98040,98040
WA 98052,98052
WA 98033,98033
WA 98038,98038
WA 98004,98004
WA 98077,98077
WA 98003,98003
WA 98022,98022
WA 98010,98010
WA 98122,98122
WA 98112,98112
WA 98022,98022
WA 98008,98008
WA 98146,98146
WA 98074,98074
WA 98103,98103
WA 98042,98042
WA 98030,98030
WA 98042,98042
WA 98115,98115
WA 98117,98117
WA 98119,98119
WA 98031,98031
WA 98045,98045
WA 98027,98027
WA 98033,98033
WA 98103,98103
WA 98029,98029
WA 98155,98155
WA 98027,98027
WA 98199,98199
WA 98074,98074
WA 98019,98019
WA 98052,98052
WA 98004,98004
WA 98001,98001
WA 98053,98053
WA 98077,98077
WA 98056,98056
WA 98136,98136
WA 98056,98056
WA 98028,98028
WA 98028,98028
WA 98004,98004
WA 98075,98075
WA 98011,98011
WA 98116,98116
WA 98005,98005
WA 98010,98010
WA 98052,98052
WA 98118,98118
WA 98133,98133
WA 98107,98107
WA 98144,98144
WA 98118,98118
WA 98115,98115
WA 98103,98103
WA 98107,98107
WA 98019,98019
WA 98052,98052
WA 98023,98023
WA 98125,98125
WA 98042,98042
WA 98038,98038
WA 98105,98105
WA 98122,98122
WA 98047,98047
WA 98107,98107
WA 98198,98198
WA 98122,98122
WA 98003,98003
WA 98072,98072
WA 98006,98006
WA 98109,98109
WA 98106,98106
WA 98065,98065
WA 98052,98052
WA 98112,98112
WA 98178,98178
WA 98116,98116
WA 98074,98074
WA 98074,98074
WA 98144,98144
WA 98117,98117
WA 98027,98027
WA 98042,98042
WA 98119,98119
WA 98031,98031
WA 98004,98004
WA 98056,98056
WA 98038,98038
WA 98118,98118
WA 98053,98053
WA 98074,98074
WA 98052,98052
WA 98006,98006
WA 98040,98040
WA 98052,98052
WA 98122,98122
WA 98112,98112
WA 98007,98007
WA 98115,98115
WA 98117,98117
WA 98199,98199
WA 98029,98029
WA 98038,98038
WA 98092,98092
WA 98053,98053
WA 98092,98092
WA 98122,98122
WA 98107,98107
WA 98119,98119
WA 98045,98045
WA 98033,98033
WA 98006,98006
WA 98117,98117
WA 98103,98103
WA 98115,98115
WA 98178,98178
WA 98011,98011
WA 98034,98034
WA 98031,98031
WA 98040,98040
WA 98031,98031
WA 98006,98006
WA 98052,98052
WA 98109,98109
WA 98166,98166
WA 98072,98072
WA 98188,98188
WA 98148,98148
WA 98122,98122
WA 98004,98004
WA 98028,98028
WA 98052,98052
WA 98053,98053
WA 98125,98125
WA 98038,98038
WA 98031,98031
WA 98030,98030
WA 98198,98198
WA 98146,98146
WA 98001,98001
WA 98102,98102
WA 98155,98155
WA 98011,98011
WA 98198,98198
WA 98092,98092
WA 98122,98122
WA 98033,98033
WA 98027,98027
WA 98042,98042
WA 98133,98133
WA 98126,98126
WA 98109,98109
WA 98133,98133
WA 98177,98177
WA 98034,98034
WA 98115,98115
WA 98168,98168
WA 98119,98119
WA 98118,98118
WA 98031,98031
WA 98052,98052
WA 98004,98004
WA 98155,98155
WA 98042,98042
WA 98116,98116
WA 98039,98039
WA 98065,98065
WA 98107,98107
WA 98119,98119
WA 98125,98125
WA 98038,98038
WA 98031,98031
WA 98033,98033
WA 98144,98144
WA 98168,98168
WA 98102,98102
WA 98007,98007
WA 98006,98006
WA 98109,98109
WA 98133,98133
WA 98058,98058
WA 98029,98029
WA 98199,98199
WA 98144,98144
WA 98045,98045
WA 98092,98092
WA 98006,98006
WA 98038,98038
WA 98106,98106
WA 98027,98027
WA 98053,98053
WA 98092,98092
WA 98146,98146
WA 98031,98031
WA 98040,98040
WA 98033,98033
WA 98092,98092
WA 98055,98055
WA 98002,98002
WA 98030,98030
WA 98006,98006
WA 98133,98133
WA 98055,98055
WA 98188,98188
WA 98116,98116
WA 98004,98004
WA 98117,98117
WA 98199,98199
WA 98053,98053
WA 98148,98148
WA 98001,98001
WA 98052,98052
WA 98040,98040
WA 98133,98133
WA 98033,98033
WA 98004,98004
WA 98117,98117
WA 98092,98092
WA 98042,98042
WA 98007,98007
WA 98023,98023
WA 98040,98040
WA 98103,98103
WA 98107,98107
WA 98056,98056
WA 98112,98112
WA 98075,98075
WA 98004,98004
WA 98199,98199
WA 98166,98166
WA 98115,98115
WA 98023,98023
WA 98031,98031
WA 98005,98005
WA 98115,98115
WA 98034,98034
WA 98106,98106
WA 98112,98112
WA 98136,98136
WA 98126,98126
WA 98133,98133
WA 98005,98005
WA 98008,98008
WA 98133,98133
WA 98052,98052
WA 98117,98117
WA 98038,98038
WA 98032,98032
WA 98033,98033
WA 98052,98052
WA 98011,98011
WA 98148,98148
WA 98146,98146
WA 98040,98040
WA 98199,98199
WA 98059,98059
WA 98065,98065
WA 98103,98103
WA 98115,98115
WA 98029,98029
WA 98059,98059
WA 98040,98040
WA 98059,98059
WA 98033,98033
WA 98027,98027
WA 98115,98115
WA 98112,98112
WA 98115,98115
WA 98133,98133
WA 98119,98119
WA 98116,98116
WA 98034,98034
WA 98053,98053
WA 98125,98125
WA 98092,98092
WA 98105,98105
WA 98027,98027
WA 98028,98028
WA 98023,98023
WA 98115,98115
WA 98074,98074
WA 98115,98115
WA 98072,98072
WA 98027,98027
WA 98117,98117
WA 98058,98058
WA 98008,98008
WA 98106,98106
WA 98168,98168
WA 98125,98125
WA 98004,98004
WA 98023,98023
WA 98053,98053
WA 98146,98146
WA 98023,98023
WA 98056,98056
WA 98028,98028
WA 98022,98022
WA 98108,98108
WA 98077,98077
WA 98119,98119
WA 98117,98117
WA 98144,98144
WA 98074,98074
WA 98133,98133
WA 98028,98028
WA 98107,98107
WA 98052,98052
WA 98133,98133
WA 98052,98052
WA 98074,98074
WA 98008,98008
WA 98056,98056
WA 98027,98027
WA 98116,98116
WA 98198,98198
WA 98034,98034
WA 98002,98002
WA 98074,98074
WA 98115,98115
WA 98065,98065
WA 98040,98040
WA 98033,98033
WA 98065,98065
WA 98116,98116
WA 98144,98144
WA 98072,98072
WA 98052,98052
WA 98002,98002
WA 98055,98055
WA 98045,98045
WA 98038,98038
WA 98109,98109
WA 98053,98053
WA 98053,98053
WA 98001,98001
WA 98031,98031
WA 98133,98133
WA 98029,98029
WA 98125,98125
WA 98102,98102
WA 98029,98029
WA 98038,98038
WA 98107,98107
WA 98112,98112
WA 98144,98144
WA 98059,98059
WA 98108,98108
WA 98006,98006
WA 98115,98115
WA 98074,98074
WA 98166,98166
WA 98011,98011
WA 98108,98108
WA 98075,98075
WA 98001,98001
WA 98072,98072
WA 98092,98092
WA 98003,98003
WA 98075,98075
WA 98112,98112
WA 98045,98045
WA 98075,98075
WA 98027,98027
WA 98006,98006
WA 98023,98023
WA 98052,98052
WA 98052,98052
WA 98103,98103
WA 98118,98118
WA 98188,98188
WA 98052,98052
WA 98003,98003
WA 98106,98106
WA 98031,98031
WA 98125,98125
WA 98056,98056
WA 98118,98118
WA 98040,98040
WA 98029,98029
WA 98006,98006
WA 98029,98029
WA 98058,98058
WA 98033,98033
WA 98006,98006
WA 98155,98155
WA 98106,98106
WA 98106,98106
WA 98014,98014
WA 98022,98022
WA 98059,98059
WA 98029,98029
WA 98023,98023
WA 98058,98058
WA 98031,98031
WA 98038,98038
WA 98117,98117
WA 98108,98108
WA 98146,98146
WA 98146,98146
WA 98144,98144
WA 98125,98125
WA 98008,98008
WA 98198,98198
WA 98146,98146
WA 98112,98112
WA 98177,98177
WA 98072,98072
WA 98092,98092
WA 98007,98007
WA 98003,98003
WA 98119,98119
WA 98053,98053
WA 98001,98001
WA 98354,98354
WA 98001,98001
WA 98007,98007
WA 98056,98056
WA 98027,98027
WA 98118,98118
WA 98126,98126
WA 98045,98045
WA 98199,98199
WA 98116,98116
WA 98072,98072
WA 98126,98126
WA 98072,98072
WA 98034,98034
WA 98002,98002
WA 98122,98122
WA 98056,98056
WA 98010,98010
WA 98004,98004
WA 98056,98056
WA 98126,98126
WA 98052,98052
WA 98126,98126
WA 98039,98039
WA 98105,98105
WA 98126,98126
WA 98058,98058
WA 98166,98166
WA 98122,98122
WA 98019,98019
WA 98125,98125
WA 98105,98105
WA 98040,98040
WA 98008,98008
WA 98003,98003
WA 98106,98106
WA 98177,98177
WA 98125,98125
WA 98031,98031
WA 98027,98027
WA 98059,98059
WA 98038,98038
WA 98029,98029
WA 98045,98045
WA 98034,98034
WA 98198,98198
WA 98074,98074
WA 98103,98103
WA 98029,98029
WA 98092,98092
WA 98106,98106
WA 98033,98033
WA 98053,98053
WA 98144,98144
WA 98126,98126
WA 98003,98003
WA 98003,98003
WA 98006,98006
WA 98072,98072
WA 98177,98177
WA 98053,98053
WA 98058,98058
WA 98075,98075
WA 98034,98034
WA 98148,98148
WA 98168,98168
WA 98115,98115
WA 98108,98108
WA 98144,98144
WA 98103,98103
WA 98168,98168
WA 98058,98058
WA 98288,98288
WA 98065,98065
WA 98053,98053
WA 98053,98053
WA 98106,98106
WA 98065,98065
WA 98198,98198
WA 98075,98075
WA 98133,98133
WA 98002,98002
WA 98042,98042
WA 98058,98058
WA 98116,98116
WA 98011,98011
WA 98006,98006
WA 98126,98126
WA 98056,98056
WA 98042,98042
WA 98033,98033
WA 98105,98105
WA 98119,98119
WA 98116,98116
WA 98034,98034
WA 98022,98022
WA 98074,98074
WA 98199,98199
WA 98023,98023
WA 98199,98199
WA 98023,98023
WA 98056,98056
WA 98052,98052
WA 98075,98075
WA 98058,98058
WA 98126,98126
WA 98040,98040
WA 98033,98033
WA 98155,98155
WA 98117,98117
WA 98108,98108
WA 98072,98072
WA 98074,98074
WA 98023,98023
WA 98058,98058
WA 98053,98053
WA 98103,98103
WA 98053,98053
WA 98052,98052
WA 98125,98125
WA 98198,98198
WA 98059,98059
WA 98058,98058
WA 98033,98033
WA 98072,98072
WA 98144,98144
WA 98011,98011
WA 98056,98056
WA 98028,98028
WA 98056,98056
WA 98177,98177
WA 98122,98122
WA 98103,98103
WA 98108,98108
WA 98040,98040
WA 98133,98133
WA 98116,98116
WA 98115,98115
WA 98023,98023
WA 98168,98168
WA 98092,98092
WA 98058,98058
WA 98045,98045
WA 98126,98126
WA 98117,98117
WA 98058,98058
WA 98033,98033
WA 98070,98070
WA 98103,98103
WA 98039,98039
WA 98001,98001
WA 98105,98105
WA 98198,98198
WA 98023,98023
WA 98022,98022
WA 98032,98032
WA 98053,98053
WA 98052,98052
WA 98059,98059
WA 98027,98027
WA 98116,98116
WA 98040,98040
WA 98103,98103
WA 98108,98108
WA 98126,98126
WA 98006,98006
WA 98059,98059
WA 98103,98103
WA 98115,98115
WA 98038,98038
WA 98075,98075
WA 98024,98024
WA 98075,98075
WA 98070,98070
WA 98024,98024
WA 98103,98103
WA 98103,98103
WA 98075,98075
WA 98125,98125
WA 98166,98166
WA 98199,98199
WA 98034,98034
WA 98034,98034
WA 98122,98122
WA 98003,98003
WA 98126,98126
WA 98023,98023
WA 98042,98042
WA 98038,98038
WA 98126,98126
WA 98058,98058
WA 98029,98029
WA 98065,98065
WA 98038,98038
WA 98014,98014
WA 98005,98005
WA 98004,98004
WA 98103,98103
WA 98077,98077
WA 98117,98117
WA 98108,98108
WA 98052,98052
WA 98008,98008
WA 98008,98008
WA 98074,98074
WA 98155,98155
WA 98034,98034
WA 98001,98001
WA 98065,98065
WA 98029,98029
WA 98052,98052
WA 98072,98072
WA 98014,98014
WA 98115,98115
WA 98092,98092
WA 98052,98052
WA 98075,98075
WA 98007,98007
WA 98029,98029
WA 98038,98038
WA 98023,98023
WA 98178,98178
WA 98006,98006
WA 98199,98199
WA 98074,98074
WA 98102,98102
WA 98122,98122
WA 98006,98006
WA 98052,98052
WA 98032,98032
WA 98178,98178
WA 98031,98031
WA 98177,98177
WA 98004,98004
WA 98199,98199
WA 98168,98168
WA 98042,98042
WA 98039,98039
WA 98031,98031
WA 98168,98168
WA 98001,98001
WA 98019,98019
WA 98001,98001
WA 98115,98115
WA 98199,98199
WA 98146,98146
WA 98075,98075
WA 98199,98199
WA 98155,98155
WA 98166,98166
WA 98074,98074
WA 98155,98155
WA 98027,98027
WA 98056,98056
WA 98103,98103
WA 98042,98042
WA 98168,98168
WA 98045,98045
WA 98008,98008
WA 98059,98059
WA 98075,98075
WA 98006,98006
WA 98022,98022
WA 98075,98075
WA 98166,98166
WA 98006,98006
WA 98028,98028
WA 98031,98031
WA 98007,98007
WA 98074,98074
WA 98065,98065
WA 98004,98004
WA 98125,98125
WA 98040,98040
WA 98042,98042
WA 98022,98022
WA 98125,98125
WA 98008,98008
WA 98075,98075
WA 98106,98106
WA 98146,98146
WA 98126,98126
WA 98155,98155
WA 98178,98178
WA 98117,98117
WA 98136,98136
WA 98144,98144
WA 98027,98027
WA 98006,98006
WA 98058,98058
WA 98199,98199
WA 98077,98077
WA 98031,98031
WA 98105,98105
WA 98059,98059
WA 98042,98042
WA 98042,98042
WA 98126,98126
WA 98023,98023
WA 98188,98188
WA 98178,98178
WA 98023,98023
WA 98023,98023
WA 98042,98042
WA 98092,98092
WA 98030,98030
WA 98092,98092
WA 98075,98075
WA 98028,98028
WA 98011,98011
WA 98056,98056
WA 98074,98074
WA 98166,98166
WA 98002,98002
WA 98155,98155
WA 98118,98118
WA 98040,98040
WA 98004,98004
WA 98072,98072
WA 98057,98057
WA 98008,98008
WA 98118,98118
WA 98059,98059
WA 98126,98126
WA 98108,98108
WA 98058,98058
WA 98146,98146
WA 98058,98058
WA 98028,98028
WA 98177,98177
WA 98108,98108
WA 98105,98105
WA 98075,98075
WA 98033,98033
WA 98006,98006
WA 98038,98038
WA 98115,98115
WA 98199,98199
WA 98199,98199
WA 98038,98038
WA 98146,98146
WA 98040,98040
WA 98038,98038
WA 98059,98059
WA 98031,98031
WA 98077,98077
WA 98031,98031
WA 98053,98053
WA 98199,98199
WA 98034,98034
WA 98030,98030
WA 98001,98001
WA 98136,98136
WA 98199,98199
WA 98117,98117
WA 98004,98004
WA 98038,98038
WA 98034,98034
WA 98033,98033
WA 98052,98052
WA 98074,98074
WA 98075,98075
WA 98028,98028
WA 98103,98103
WA 98006,98006
WA 98178,98178
WA 98077,98077
WA 98178,98178
WA 98004,98004
WA 98056,98056
WA 98034,98034
WA 98074,98074
WA 98052,98052
WA 98052,98052
WA 98155,98155
WA 98136,98136
WA 98030,98030
WA 98105,98105
WA 98136,98136
WA 98115,98115
WA 98005,98005
WA 98125,98125
WA 98112,98112
WA 98168,98168
WA 98144,98144
WA 98033,98033
WA 98058,98058
WA 98074,98074
WA 98006,98006
WA 98122,98122
WA 98028,98028
WA 98023,98023
WA 98106,98106
WA 98059,98059
WA 98136,98136
WA 98010,98010
WA 98056,98056
WA 98040,98040
WA 98074,98074
WA 98053,98053
WA 98030,98030
WA 98014,98014
WA 98042,98042
WA 98040,98040
WA 98177,98177
WA 98126,98126
WA 98001,98001
WA 98112,98112
WA 98002,98002
WA 98168,98168
WA 98108,98108
WA 98040,98040
WA 98058,98058
WA 98116,98116
WA 98198,98198
WA 98040,98040
WA 98074,98074
WA 98040,98040
WA 98105,98105
WA 98019,98019
WA 98040,98040
WA 98008,98008
WA 98008,98008
WA 98177,98177
WA 98072,98072
WA 98022,98022
WA 98058,98058
WA 98178,98178
WA 98033,98033
WA 98053,98053
WA 98065,98065
WA 98133,98133
WA 98053,98053
WA 98072,98072
WA 98166,98166
WA 98031,98031
WA 98029,98029
WA 98166,98166
WA 98058,98058
WA 98125,98125
WA 98155,98155
WA 98053,98053
WA 98023,98023
WA 98125,98125
WA 98117,98117
WA 98115,98115
WA 98177,98177
WA 98119,98119
WA 98030,98030
WA 98103,98103
WA 98040,98040
WA 98116,98116
WA 98011,98011
WA 98075,98075
WA 98117,98117
WA 98004,98004
WA 98168,98168
WA 98031,98031
WA 98119,98119
WA 98103,98103
WA 98119,98119
WA 98199,98199
WA 98007,98007
WA 98006,98006
WA 98117,98117
WA 98126,98126
WA 98040,98040
WA 98103,98103
WA 98155,98155
WA 98117,98117
WA 98115,98115
WA 98006,98006
WA 98006,98006
WA 98103,98103
WA 98029,98029
WA 98155,98155
WA 98056,98056
WA 98023,98023
WA 98058,98058
WA 98126,98126
WA 98003,98003
WA 98092,98092
WA 98030,98030
WA 98133,98133
WA 98007,98007
WA 98059,98059
WA 98178,98178
WA 98042,98042
